{
    "index": [
        1.497,
        1.497,
        1.495,
        1.494,
        1.493,
        1.492,
        1.491,
        1.489,
        1.487,
        1.483,
        1.483,
        1.486,
        1.488,
        1.488,
        1.488,
        1.489,
        1.491,
        1.493,
        1.492,
        1.49,
        1.488,
        1.484,
        1.482,
        1.484,
        1.486,
        1.488,
        1.487,
        1.483,
        1.479,
        1.474,
        1.471
    ],
    "extinction": [
        0.0114,
        0.0122,
        0.0118,
        0.0116,
        0.0118,
        0.0122,
        0.0123,
        0.0122,
        0.0122,
        0.0131,
        0.0151,
        0.0168,
        0.0146,
        0.0129,
        0.0127,
        0.0138,
        0.0136,
        0.0106,
        0.00632,
        0.0029,
        0.0011,
        0.002,
        0.0044,
        0.00683,
        0.00745,
        0.0056,
        0.0035,
        0.0035,
        0.0066,
        0.012,
        0.0194
    ],
    "wavelength": [
        28571.4,
        29411.8,
        30303.0,
        31250.0,
        32258.1,
        33333.3,
        34482.799999999996,
        35714.3,
        37037.0,
        38461.5,
        40000.0,
        41666.7,
        43478.299999999996,
        45454.5,
        47619.0,
        50000.0,
        52631.6,
        55555.6,
        58823.5,
        62500.0,
        66666.70000000001,
        71428.6,
        76923.1,
        83333.29999999999,
        90909.09999999999,
        100000.0,
        111111.09999999999,
        125000.0,
        142857.1,
        166666.69999999998,
        200000.0
    ],
    "transmittance": [
        0.9949985621607949,
        0.9948010373551804,
        0.9951186033200541,
        0.9953462257495881,
        0.9954137756782039,
        0.9954112643222245,
        0.9955276120275113,
        0.9957165298557639,
        0.9958691887495955,
        0.9957290365057593,
        0.9952674291644756,
        0.994946057781259,
        0.9957891073215918,
        0.9964400122890086,
        0.9966541554601676,
        0.9965376893788067,
        0.9967581174183138,
        0.9976052104995763,
        0.9986507794836629,
        0.999417090361367,
        0.9997926764830268,
        0.9996482036583909,
        0.9992814620885888,
        0.9989705900587823,
        0.9989707161075643,
        0.9992965307961592,
        0.9996042376206626,
        0.9996482035176971,
        0.9994196019995658,
        0.9990956306853742,
        0.99878180465351
    ],
    "reference": "D. R. Smith and E. V. Loewenstein. Optical constants of far infrared materials. 3: plastics, Appl. Opt. 14, 1335-1341 (1975)"
}
